1,0xe4103e80c967f58591a1d7cA443ed7E392FeD862
2,0xB22E7ebC96b27d9074F6724D5300f964691FA097
3,0x1A4ec1fd72Eb76DBe6109038a93f456c7cc1bf5b
4,0xe0a4B8d19Fb1E80b4EFbBd30Bd3D3a4158Db9d8F
5,0x4b4c2aABaDA91534B217a5B70E3b43A678F88D49
6,0x45ADD7eEcF69bB6dE394cDaF317aCA96a4F3b33B
7,0x46E967F90f9426823603db6765123Ba27AB983C0
8,0x7B38b140d02635f5a983E14467D70e7fE829e455
9,0xaa53A7C827929ACA77FF846F7A5e526895a00c99
10,0x33F4c46dB12131FBb70755B57A2a1104c5923B09
11,0x355A1EC71E87777Cf77e3181f96A2825073f1913
12,0x74629919F9708eB4ff41fc8a8733339d5F53B40d
13,0x5A70320699882af28c51a1E3b6BBdE3ec7B6F90d
14,0xa5150c34Abf63cB198b7657C7CCc010f98F7846B
15,0x91b91255F8a01C2dC9F59d7F8962Ea1dBA45F09C
16,0x62E455E67aC7bfeA7593C6813b2CcE818eeD2C64
17,0xA5C07b151D2cf13DFfB069D2bBC817613e20b0b0
18,0xbBd51F8Da52078AB18d414ABfeADB8B5803383f5
19,0x8177b4fa4Ad4e96E39BEdd33041F578384908ADb
20,0x2c5099b7e802f27BE6E0BB9FcdE29b3B633c3a55
21,0xd06423F28FFc17221B6c0cB8EE3b8897e5F96A03
22,0x5477FD62511C9c4debC8a651f1D1aC45917CDd1B
23,0x408505ec4bB812B9B649a653390a7b683CEa3D54
24,0x09C679CcDD78e58FB3D5bd625E6d1436F4547e6d
25,0xf610fc9296b48a74dF7b0c127B7A80f8Ee1Cd906
26,0x00164B4783446fdE32EddbF7D5a347b85322f201
27,0x9e9bfaBDc2dDC43784AB13890Ad14a49b033FEDA
28,0x403C34dB9B2836c884f78f0F8631F0bAc38d40Fa
29,0x113DaA15eB9e9a1c5B38B7EC22F6835808B2c95b
30,0xA3Aa5fBDfba915A271EFc902c6DA2c8c17c20531
31,0xfBa68B7D4F94Df4870b1e66dfC1299061eEdd98B
32,0x7869A5b3abE9bD24310F2F4a4A26BCe705392eef
33,0x74cc13Dc7F50d645A07FfC9e398507B57EdE27D7
34,0x1632971555791968d52126be3628a35BcCdCCdBA
35,0xC682b6CA68DAc5593b735eb5E35394367a7A2230
36,0x0B21c577BD4DC343AFE46AB93e02e5B10e716318
37,0x22381DeF597266268b291B1C1228f332FBbd4b82
38,0x321C5923eBdDC9FCA04Cdfd85019Fd41d0bCCC7d
39,0xAC5888833dd79D10b16eB78c85be5C33576f2015
40,0xa5666122B453061eB23cB154043634F3a292D299
41,0xb58ea52F5c5cC08f49Ea4c2bE0BD4BB09134EaD7
42,0x126067FD5F9966eDd5FA22Abe35aD654b0226059
43,0x330e10Fa84c41B09942B9186e15b475239ef9d6D
44,0x542e6163fCbB6840856Db9eB5672507Eb143Dad9
45,0xE72D1BE24095379756959aB3aF1df22f4e2Ce7Dc
46,0xBA475fE835b8c3acA0f8Fe89F3533454FaE02C1C
47,0x90997D3533d0C49197F415Ee522128aa81dd41Be
48,0x320E65159A632caA4c93F7ea3EaA98d4Ef2A0287
49,0x4075a709217C243E0D058eC88012eea06E6fB112
50,0xf588399427A5ba60747534218966AE20dC7a4B2A
51,0xe9094e3DC86b9443B90361093B86898F7231bC49
52,0x4E50f1580280A9EdaEF973f6F247BeedcbA59395
53,0x7887056691765941adA17FDeB59e41Cbe18B340f
54,0x21b030CC45d5eDEd8293635e30fC2adC40635C04
55,0x318CdfaE4fbD1d9c26dd963b269a5DF8fC2fA377
56,0x7cb9d656f3ca4ffe90fc6cad56a8ccac941b256f
57,0xb22B2A66A80916e10A1361C107Ab99a7313e59c7
58,0x7aBE2124e221E755FA7ee6602950a8d64b293DFC
59,0x00C9DdA392b734075A28EA66D2551e60079D7dbE
60,0x6BeA78FAD2C52E19053b644A5e2060f43D66b410
61,0x5AAD3Bb0502dFDF8A13905437CbaF96Dc72D50da
62,0xC2a22172a53d357081292CcaB9114709C6c3874a
63,0x500e49F5bF6233f32a1232aA22A80a9922eF381F
64,0x22e268B2fbaE1F16Cb2FCe97E099346fB90792ee
65,0xe7E8F381fA60aD542c2862a6cBf53Bd65E4B1055
66,0xCa0e78A906A74e6181679Cc2bfd90E1b6E84b71c
67,0x5f994C4A8e5e6C887C5ac05e5EFC2339E088600f
68,0xdFC685380a60E46BaF554AaB626C5E4E2a621965
69,0x610D417bB17F14Fb684d787177babFa0cF06490a
70,0x856b6DC64316cBe348E7f1029881d6A263da09C0
71,0x2Ae20F8C2EF0ef8c24e96937F5Cb168C87CDb54D
72,0x5aD7d8CbF98324ed314cc880B97d809C80805b52
73,0x821F95fEE0D86A16E1fe58a3d0C33b1B53Fff654
74,0xf88fD66E62c68186c0231F06Bc9dbb7b430437F9
75,0xEEE6722b30e41a9689a8889a4193839E4620018b
76,0xe503563aa796f10252a5f03910d6096775a6f73c
77,0xBf02e75872785E86Afb6Dc7E0b7c14B512E93572
78,0xEE8b010BCAA9287515cF03c7953Dfd38cfD03a98
79,0xbfE873b06E446991de655C5540627B0e17aE4c6a
80,0xadfF0106047D0069086d5020cc8cC866cE3FF8a2
81,0x076727fD87bf5f02E5262314C5fbcCA53545AFC1
82,0x32DBAdA93C12382eC0C66402e236Ed7C916ab43E
83,0xadfF0106047D0069086d5020cc8cC866cE3FF8a2
84,0x9ef3EB030C546479b702a6fCe347D50943EbD8f4
85,0xB74FCcF125d4F9F662a796d3A8550f33C3da34D3
86,0x73f2313A5c0A54aE7B0001b16760Fb7B85A90e8D
87,0x3C99260F8Eea6f7E42ca83B2cECed53c3Ec453D2
88,0x594F52D3fCcdA979Bb036bF14ea43a9D6F307F35
89,0x403280232A827497DeEC1C812Aa10593efd48D54
90,0x224e1ccfAD40594FDcE98785355eF498cF99c58d
91,0xA6a7F5C42aD53Dd8e96b7a2A04113B3dd542652B
92,0xB28e2d5602280C42641471FAE46E8deF9458Ae60
93,0xE22b5A92814090DD562c99F61209e762B28cd61F
94,0x467564c24C51A8E5317bA0Ffa1716DBB5e7D7F92
95,0xD5CE7A5aD0fc508EF2D0757cdDCBb02a834476BA
96,0x67AC377cCEEE5Ad8Af68B55762E3ffF4533A25B4
97,0xbC9842cDE7b407E808fcEB6290D86b576684580b
98,0xDfc0239a87DFEACD5018632fa774A8A38a51B991
99,0x02384F05F1e9a37cFD9b2D03860D1c78ABA3BCAB
100,0xeA39c51f04202d2F19c88854Ef59570a6E7310d8
101,0xB945326E83C1693Aa869B49BbD0D6F737385A999
102,0x1D76d946bcFE7314c100D7fdd2C0Be4c016a4adA
103,0xB34A56AA37D4eb4595009E099ADbb3D0FB01a836
104,0x78F648C0249d26B916b231aa74D9b294c7fDA1BC
105,0x5a336b7A806e45332507EFc842c55225A86094a6
106,0x91b91255F8a01C2dC9F59d7F8962Ea1dBA45F09C
107,0x3a9366171FcbA4Ea51C353B8e1771C0284660bC2
108,0x4F10B08D2274975FD164C2A739Ed292743a848B6
109,0xC14dA8e283408e4542d640171C63193008C18d15
110,0xadd0c9DF5354CcB16f56BCb6403fB4026F05fA71
111,0xc66E4cb44b8aDfA662Ac1c182beeB8dD91e841f4
112,0x71caFd95d37661672827127CAcf8BDB2b03D7f00
113,0x7E7B1E4aEF47deDd9Ef48B9dcF96663BC2005285
114,0xa217f7d0B87214f7673EF169167c7809acA3E409
115,0x0555FBF2018F731A79507BE0BB2459cc05Eb27cE
116,0xD1Edf7FC3D913c94e6C649985CE36BbC2e871d0e
117,0x0E2631808c01666304FC2caE17C0D7bcC71AD176
118,0xf57Ed93B5Ce0d953773b7B2A050859baBd86EE83
119,0x1217b30DC4E1870b43eC5AA7c29b3337dfd88E45
120,0x1632971555791968d52126be3628a35BcCdCCdBA
121,0xdeb4c739018B926B57f5E29cd16383b7af0DeA5b
122,0xb99E5a50DEC384d010f0fB96142323Fd1B283ef0
123,0x1a43e5B249680A68Bd9E2E9Cf716Ff21AF1e3004
124,0xf610fc9296b48a74dF7b0c127B7A80f8Ee1Cd906
125,0xa50f89381301Decb11F1918586f98c5f2077e3Ca
126,0x25C491a713D5C509A2a2B1a449055a011fab0483
127,0x56264e5ec5215C3974Cfb550D3aeFA6720f5eE9D
128,0x371880c69B9442888318e82B079BC41d85f03979
129,0x507bB1169c2D17503304816B62ed9e5F1F67c3e8
130,0xbBd51F8Da52078AB18d414ABfeADB8B5803383f5
131,0x6E104A1EC9DE4A41BB82C92E8CED4A2EBEA90F7D
132,0x5803Db78015ccFCf773a371CC01e9a43718A5427
133,0x84E4342DE4bbfAAFD891Ee11d6ff0398B41Fd748
134,0x288A0E479d5DC96453bbf272A28E95aB2C5aCC31
135,0x876D4dEc99DfF615A633e3E54964e07aEe1BC8B4
136,0x8175fbBADEBb294FE4e8175e180943A86008b06B
137,0x81e2bBb2254Fb03634FEB15ceD2364bf8B62D8f1
138,0x81e2bBb2254Fb03634FEB15ceD2364bf8B62D8f1
139,0x63876b1D104fcc1478CD9e0405D02D46a781F7A5
140,0x3F043c80696fc46e5a3FbfD1cf86dcbbA5fcc62C
141,0x3F043c80696fc46e5a3FbfD1cf86dcbbA5fcc62C
142,0x2a687c59F1AEa36791e90fA144D1F8B7a15C65Cc
143,0x397865729de677baD463e4b2fa3705E6a43FFE69
144,0x1a43e5B249680A68Bd9E2E9Cf716Ff21AF1e3004
145,0xb99E5a50DEC384d010f0fB96142323Fd1B283ef0
146,0x6E104A1EC9DE4A41BB82C92E8CED4A2EBEA90F7D
147,0xF6aa98cE1cc8eE991f380d5aFD178EF58AF85D93
148,0x7CDC9F513141Aebd4eD571b93757be1266E95a32
149,0x6E104A1EC9DE4A41BB82C92E8CED4A2EBEA90F7D
150,0x91Ad9CE19e58f93eae5Ec2aCa5B0d1a51Cdf2155
151,0x82e9315880145Db80884d46464Df2B4483DcCcb3
152,0x8dA64BD20C0572eD2E72c304863b01FC6904488D
153,0xA1F1A4129DE0638544d9e622FAA6b4C610f45b1C
154,0xA773b135Df6265DF762709492799f31d8cE00692
155,0x4D583Aa4cC1ea98E81Eb10904c98088d9aaBB999
156,0x0DC874Fb5260Bd8749e6e98fd95d161b7605774D
157,0xa0AE9b429F67f893f209c8a1597D81CB9Bb30cb8
158,0xBEeC5f280a1622fBaf2779626F6B984e9Bfa2642
159,0x9127b1146d19DC40148cF9E6184c3fFA4d0Cc027
160,0xDc4eDA5973d1fb328C2F18B1692A7D0B66050Ce0
161,0xCc577B72B0cA6Ff0170793161C6DCe2d001D6087
162,0x3a45b709729b3fc30e828a7e1297d8dac610b0fd
163,0x8609149d68db4A64fBAb57B6513d1009A9507a74
164,0x2ab0bd45E66Db3239c2249b686cf643eC004614A
165,0xd0f28D4a32A09d33F73A3F528eea3d8A88fbDb41
166,0x403280232A827497DeEC1C812Aa10593efd48D54
167,0xDA6E18C20B571B9798BC256C65Cc056e0C622101
168,0xe2774BCa6E1744871F79303F890dE2E6474254fF
169,0x31338618F1f0fc677eb3A33F6C5A3a4f0F5bC8a7
170,0xD8766465b9E6c3cF7eA1704bfdD466aD250F5BC8
171,0x3A8e56A6aDbaAC259B91B5e5fdfDaa37A3765aC0
172,0x0b499E2a349EC9AfF359603cD7AE574f244155cC
173,0x1F006Bb5b09fe157Ed312Da51364E09DBf64cb71
174,0x66b6794Bf503Cc5A82d96CEdA553CbA3eFA3C79c
175,0xdAa478B3C66178e46dB8b52e6802cB2986Ba396c
176,0xDa4273D0d925FDA529cD32Da2C3efBB8bfe62CE6
177,0x9cB69fe731c3Aa425db3a9251103c618Fd930C0a
178,0x6fc5F69295665e264D8758EFE18ED346ee263D41
179,0x1AeD6C62bd84aCBFb3e6f4a42851F559Ef0eF6bE
180,0xeA39c51f04202d2F19c88854Ef59570a6E7310d8
181,0x46dCbd5E0e9c5E79d40122b4E7d484F1E0D38092
182,0x2E982744393c511F68B5942ebA0Daf6008ae0438
183,0x51201c444799ef74Fea97119b2b87B27B9a67A14
184,0xf9D656C16Cea82D664bdEb6c74134C5597C1B201
185,0x8b67AcCDadC9cB344524218C003A9C429d0989F6
186,0x68173Ce9DbC5AAc42cc95EB30F77CD4B90410C5B
187,0x5DBD32d50535fA044Eb05610591F70B29A859F69
188,0xecc92C9DB87D7700dEddc3E0958bD7EC7bFb9Ae2
189,0x93503945Ac488da8d709829eb90D0616C948a9B8
190,0xC0d8AaCCc7927a3d5283d875d967ed4D7cE9cdE8
191,0xadcA35aE29a6B97bA2860AE331D140b180c4ca92
192,0x3Cca87F073eeC79e93662E28c1d6F24916A5A0Eb
193,0xf4F01362172075517cA9d6927D6d593cecd26D91
194,0x2B97536FB29e044A7bf20DF27FcbCdACa1c392DB
195,0x2F88408ACab51f7f79ec3833a1450Afed9ED87AE
196,0xB8293e933783CF3863F3C3da3A2DD4C1C9dF4fB7
197,0xdc81A5b9c30527349ea5a9985618b7533d0b4d8a
198,0x2e9a652D282618eb4f697Cfd1667Aaf4962076bA
199,0x491775aeE0c5B9B603209acA27f4fA01EE77407D
200,0xc7D47350A4d0Bf3Ffcf51A7481BC4c8cA032D03c
201,0x8f5e7C4d0403aF7b2d9e13fC5902fa6b7715b478
202,0x17a6d952b8137871DbC60ED38aD9352074b6fe7F
203,0x0348C4326D185B17c582ded8436a9245Bfa723AA
204,0xb6782628487c623e41E466319E89A7E8f7b996DD
205,0x7242A595FA8f09182b8c11c1a193C6BCAB2d8871
206,0xd1174D9a0b7494826C36c0d5456dE44444A186bb
207,0x4CDb9e9051E03bCe865399ee571e250d1624Bfc9
208,0x4bBaB01Abb729347a7c12261e741Ff3031E0360d
209,0x055DeEE0D76F3aA6378C2A46cFB697669Fe9f904
210,0x1573f8860223D1398F1f9dB0e4c2508D2d0Bfd8F
211,0x4F321533900a81Fc93F4E663Aa17351bf21DBf0F
212,0x1358F578A5BE266db1eBF686F265B257Ca1a56a7
213,0x9A116805DBD7ed692A694c3F37D8ea2F54027044
214,0x16AB4048Df6C745f7194a860a2F7a37A7240c649
215,0xce4DA22F8Aa8aF326D4fd5116a205f42c702e38B
216,0x6Bc2d7098116d448a807BeA6890715Ebb379ba2C
217,0xDf9E54959673664dA229490fdeB8E0E8f204fE0a
218,0x1fa049Ee75dbB2F3E660c617A1bBecbf00fA25FE
219,0x3B18a96398cC62b08dFF955AcECAC4eDed2c4170
220,0xfC2aA0500Ba59556BB2ad10c916B0857E68d8F45
221,0xE507dBCbD37842B6224E591D881F629bAc3ce7F3
222,0xA77F95Fa07849B96C181cFDD7D1113f266738F57
223,0x60114DBd118e4AFBa58fC37de33eAdc2465b898a
224,0x21836ab46AcE100612C33407A0a5f92afc37d776
225,0xB2A5B7FD847F01F28e4a56074a5dCC57De16A4dc
226,0xB2A5B7FD847F01F28e4a56074a5dCC57De16A4dc
227,0x02B5da2Aa87b5501e1270069a567F77b3c7A3203
228,0xba405D5563a8C6A881Fa9aA1ea64bbFe85787445
229,0xC87B50489c643672e94a36529e61C0C510AE3979
230,0xbc7e24C8dc0000036953A668E515d3C67e96EeC8
231,0xC4E91507732AA45e493f3B8DF1fE5539aE7e01B9
232,0xf2F7714E9094a46C3415a78C233166dCC62190e2
233,0x80274Ed9c62641d29B21AfB87875a2121cAEd4DE
234,0x357bE411ca91F390F80F39E69D3F6ef4Cb092750
235,0xbc7e24C8dc0000036953A668E515d3C67e96EeC8
236,0x255f6d305Eadb14fE0146966584489426DaB2982
237,0x7e285d71e4f788dcfb5ee6d032e28f25e1b49d71
238,0x22381DeF597266268b291B1C1228f332FBbd4b82
239,0x09C679CcDD78e58FB3D5bd625E6d1436F4547e6d
240,0x569C1272FEa2eBC790bb077bfDb05A00A751d618
241,0xCeC4E20892745aEd43048B5b462B5bA4ba52e761
242,0xB019E8e5D79D2507ad2d6AC6401a9FC8f3a3AfFa
243,0xB019E8e5D79D2507ad2d6AC6401a9FC8f3a3AfFa
244,0xec0514A8bace539A5A8f69674906231697ebeF9C
245,0xb144b47e04907E28418DB9272cF3BE0Da6EE5fEa
246,0x743aDD8B6e7A9ec77737B92bEf0A4F9c9ce63d22
247,0xf4ee0153Be1C847284594042D1DC481da885b99D
248,0x68Eaba6Baab2cb3a5F375718ce383c3Da605fBf6
249,0xfb650B527D3D0459AA50Eafc7fe1bdAa2E71D3d9
250,0xb6410671b924712BF423B669146ae67f997Cb181
251,0x82328B01657B1d0d8d4FC132Cf5E4937d516673F
252,0x388C83A6868D3210eE3614eBaC58a787Ed7b8F19
253,0x4919A40A567D3cDcEAE26881F34fe93BaF0a4AeC
254,0x3C05C4F48840B45121E8Cd9e710f1C30A91A4c4f
255,0x284c03Ec168d2860B58048D5Ba1552dF9afdc225
256,0xc04F771DAa00947d7861D498F82723842B9e19Ed
257,0xEBFBe4c1d239dCbdA6Abe0b187857287acab75fC
258,0xAF19B802002BBd3E25DaF4EF234fb7b49B3b0520
259,0x0A241aCB5156DA16Ed8beE6a9b5E862E573aABb8
260,0xa34B97b4ff402CE5d5BFd8c3Ada500A47e4af5eA
261,0x501f77f3a0eEE2CB67270C4b276ba8aCAa6002bA
262,0xBD124CCE964d01988A355da119F9e9bEbb10eE37
263,0x87cCd07BD90974A5D437e2EE0b9eDa8a59ec0bcd
264,0x45C1573e378Ce864f357443036d6B134132E4a9d
265,0xa86Ecd0b0cF2205EC4b0A84f978d183046d643BB
266,0xb4337Aba27f6EA9579030F181664f51599cd7B9d
267,0x267889d8AE74024dC4B86B38C4F7e9e0B0B4aF04
268,0x67821e4e35d1E20c29a9Fb05748a7fe226cb142F
269,0x8177b4fa4Ad4e96E39BEdd33041F578384908ADb
270,0x3d3c9B3b1206459Cd43fAeC8a4F82fA98A1D2C0B
271,0xb5da3cF5029ceFFB957c0840ECCAb9727bfDdDd5
272,0xd973cf1dC58Fb6F5f490386Dd0AE56229967afAc
273,0x3352D8c13ffEF30CF7ee348Ba793aB433492DFED
274,0x9002F962ec4656e82E0146C7e654c05BDA4aa983
275,0x62E455E67aC7bfeA7593C6813b2CcE818eeD2C64
276,0x82C89F3dd0D0DFc3539A619C25625cc58B840EC1
277,0xfF45Fef9d8fbC570c8AeD0557609C40B5b37eF5c
278,0x7B6f5bA70cE672557C43DeC881bB41cfDC17e96D
279,0x9C57FCa6B908ecA5440d2c44Bd207CEaE9F52755
280,0x1513D0E4B9cD7bba1926C42b16587319690f3DDe
281,0xeeD9cc5bd6b88D32038302e7D914FC01f76e317e
282,0x10434F91500DD05A47fA9D4137a44E4ED5D99a49
283,0xB019E8e5D79D2507ad2d6AC6401a9FC8f3a3AfFa
284,0x0E323829b5C7257FeEA7638400e3f20d2fa0e4AD
285,0x3E9546Df841A76B154c89a4f9C2767b2a48CA810
286,0x8A7BF09c48e2844aEB27CC4d70d803033b14F04F
287,0x9Fc583918325A0Ad6Cea1c5A149Fd69A18279067
288,0xa70D96F464c00EcBb0B98f0Afa4F7297872fA051
289,0x5232F293e177cd6939ADa86F87d8201A78ea041B
290,0x357bE411ca91F390F80F39E69D3F6ef4Cb092750
291,0xfF45Fef9d8fbC570c8AeD0557609C40B5b37eF5c
292,0x682De4138ACc8Fd7d4e05E6e6487B47f366600eB
293,0xe717dbab8ddd6b72b6b33418780623beaeb634d6